media_caption,potential_viral
"Soft skin, soft life ğŸ©·ğŸŒ¸ğŸ«§ get your hands on this self-care gem!",0
"Why use one scrub when you can use them all at once ğŸ¤©

#treehut #treehutcollection #megascrub",1
Morning routine with Tree Hut ğŸŠğŸ«§ Now available online and in-store!,1
Why use one scrub when you can use them all at once ğŸ¤©,0
Vanilla Serum-Infused Hand Wash: A sweet escape for dry hands.,0
My go-to for waking up my skin! ğŸŠğŸ«§ Click the link for details!,0
"Orange you glad itâ€™s giveaway time?! ğŸŠâœ¨

Thatâ€™s right, bestiesâ€”weâ€™re giving away our entire Tangerine collection! ğŸ§¡ Including the classic scrub, pre-shave polish, moisturizing shave oil, lotion, and serum-infused hand wash.

Enter now for a chance to win! â¬‡ï¸ğŸ‰

 ğŸŠHow to Enter ğŸŠ
1. . Give this and our last 3 post a double tap ğŸ§¡
2. Follow @treehut âœ…
3. Tag a bestie who would love this ğŸ’…
4. Share this post on your storyğŸ¤©

**@treehut will be the only account contacting giveaway winners**
Winners will be notified by Instagram Direct Message on 3/03/2025This contest is in no way sponsored, administered, or associated with Instagram, Inc. By entering, entrants confirm they are US Residents 18+ years of age, release Instagram of responsibility and agree to Instagram's terms of use.

#treehut #treehutcollection #giveaway #tangerine #selfcare",1
Which WintHER scrub fits your vibeâœ¨,0
Run to get my fave for a year-round summer skin! ğŸğŸ«§,1
"Turning a grocery run into a self-care sesh? Yes, please! âœ¨ 

Find all your shave essentials, including our Pre-Shave Foaming Polish, at @Walmart today

#treehut #treehutcollection #selfcare #haul #shave",0
"Formulated to give you soft and supple hands after every use.

Made with:
ğŸŒ¿Natural Plant Based Cleansers
ğŸ’¦Hyaluronic Acid
ğŸ«§Ceramides

Shop today @Walmart
#treehut #treehutcollection #handwash #hydrating #selfcare",0
POV: You just unlocked the ultimate Orange Creamsicle scent combo ğŸŠğŸ¦âœ¨,0
"Mixing up the perfect self-care potion 
Whatâ€™s in your recipe?ğŸ«§âœ¨ 

Shop our vanilla collection today @walmart ğŸ¦
#treehut #treehutcollection #selfcare #lifestyle",0
"We couldnâ€™t resist a little self-care moment with our besties over at @chillhousesoho , so we made it happen! ğŸ’…
 
We had the best time celebrating our favorite spring essentials with our incredible community. From complimentary manicures to experiencing our newest collection, we enjoyed pampering and celebrating our favorite spring essentials with you! Huge thank you to everyone who stopped by to treat themselves and get the latest Tree Hut scoopâ€”we loved every second of it! ğŸ’– Until next time, besties! âœ¨",0
"If youâ€™re seeing this, itâ€™s time to exfoliate â°",0
Moroccan Rose scrub is an absolute must for any #softlife routine ğŸ©·ğŸŒ¸ğŸ«§,0
"What's better than a fully stocked Tree Hut section? ğŸ˜

ğŸ“¸: @totally.treehut2

#treehut #treehutcollection #bodycareroutine",0
"Reasons Weâ€™re Obsessed with Our NEW Overnight Lip Mask ğŸ’‹âœ¨

1ï¸âƒ£ Beauty Sleep for Your Lips â€“ Wake up with soft, nourished lips while you snooze ğŸ˜´ğŸ’–
2ï¸âƒ£ Deep Hydration â€“ Packed with ultra-moisturizing ingredients to replenish dry lips overnight ğŸ’¦
3ï¸âƒ£ Silky Smooth Formula â€“ No sticky feel, just a luxe, buttery texture that melts right in âœ¨",0
"Formulated to give you soft and supple hands after every use.

Made with:
ğŸŒ¿Natural Plant Based Cleansers
ğŸ’¦Hyaluronic Acid
ğŸ«§Ceramides

Shop today Walmart",0
"If you see me deep in thought in the Tree Hut section @target, you know exactly what Iâ€™m up tooâ€¦ğŸ’…

#treehut #treehutcollection #selfcare #selfcarehaul",0
"Zesty, sweet, and packed with vitamin C ğŸŠ
Have you tried anything from our tangerine collection?!",0
"30 seconds Saturday Vlog ğŸƒğŸ¾â€â™€ï¸âœ¨ğŸ’—. It may be -1 degrees outside but keeping fit is still the goal..
.
.
And of course a vanilla scented bath routine with my faves to make my dayğŸ›€
dove treehut 
.
.
#minivlog #lifestyle #fitfam #saturdayvlog #outsideworkout #runmotivation #asmrvlog #explorereels #toriaslife",0
"Fall is finally here, and weâ€™re beyond excited! ğŸ‚âœ¨ Time to cozy up with our Pumpkin Pop Sugar Scrub and Foaming Gel Washâ€”your skinâ€™s new fall fav! ğŸƒ

ğŸ“·: @useupchallenge
#FallVibes #treehut #treehutcollection",0
"Wash, hydrate, repeat with a nourishing blend of ceramides and hyaluronic acid.",0
Click the link to shop Tangerine Pre-Shave Foaming Polish,0
"Sensitive skin besties, this oneâ€™s for you. ğŸŠâœ¨ 
Our Tangerine Pre-Shave Foaming Polish gives you that just right exfoliationâ€”gentle, hydrating, and perfect for a smooth, irritation-free shave.

Shop today @ultabeauty

#treehut #treehutcollection #gentle #selfcare #exfoliator #tangerine",1
Freshening up my self-care routine with a new fave! ğŸ’§ğŸ’§,0
Click the link to shop Coco Colada Pre-Shave Foaming Polish,0
"My go-to feel good, smell good routine! ğŸ©·ğŸŒ¸ğŸ«§",0
"Yâ€™all already know Iâ€™m a product junkie and a fake way island gyal ğŸï¸ tropical vacations, locations and scents are my absolute favorite ğŸŒºğŸª¸ #watersign #beachgirl #vacationvibes #productjunkie #musthaves #tropics #tropicalvacation",0
*slams laptop shut* âœŒï¸ğŸš¿ğŸŒ´ click the link to get my fave sugar scrub,0
Out of officeâ€¦ for self-care ğŸ¥¥ğŸ«§ absolutely loving this one!,0
"Long-Lasting âœ… Alcohol Free âœ… Hydrating âœ… 
Itâ€™s officialâ€¦ Our fragrance mists are the total packageğŸ“¦

#treehut #treehutcollection #fragrancemist #asmr #satisfying",0
"Reasons Weâ€™re Obsessed with Our NEW Overnight Lip Mask ğŸ’‹âœ¨

1ï¸âƒ£ Beauty Sleep for Your Lips â€“ Wake up with soft, nourished lips while you snooze ğŸ˜´ğŸ’–
2ï¸âƒ£ Deep Hydration â€“ Packed with ultra-moisturizing ingredients to replenish dry lips overnight ğŸ’¦
3ï¸âƒ£ Silky Smooth Formula â€“ No sticky feel, just a luxe, buttery texture that melts right in âœ¨

#treehut #treehutcollection #overnightlipmask #hydrating",0
If you could only have one Tree Hut scrub.... Which one would it be and why?!,0
"Your smoothest, glowiest shave starts here âœ¨

PREP with our Pre-Shave Foaming Polish for ultra-soft skin.

SHAVE with our Moisturizing Shave Oil for a close, hydrating glide ğŸª’ğŸ’¦

FINISH with our After Shave Serum to keep skin soothed, smooth, and bump-free ğŸ’–

The Moroccan Rose shave routine you needâ€”shop now @ultabeauty!

#treehut #treehutcollection #selfcare #shaveroutine #moroccanrose",0
0,0
So many icons spotted at the Oscars red carpet ğŸ¤©,1
Gently exfoliate the most sensitive of areas with refined sugar crystals.,0
Drop a ğŸª· if you're obsessed with Lotus Water!,1
Night routine with my go-to sweet fix @treehut ğŸ§ğŸ’‹,0
"10 Step Shower Routine for Glowing and Yummy smelling skin. Swipe through â¡ï¸ğŸ€â€¢
â€¢
â€¢
â€¢
#showerroutine #bodyconfidence #bathandbody #showergoals #10stepkoreanskincare",0
"Itâ€™s always golden hour with Sunkissed Poppy â˜€ï¸ 

For our scent experts:
Top: Clementine, Blue Freesia & Merlot Grapes 
Middle: Violet & White Lily
Bottom: Musk, Sandalwood & Amber

#treehut #treehutcollection #sunkissedpoppy #selfcare #floral",0
"You askedâ€¦ and we deliveredğŸ“¬

Excited to introduce NEW scents in our fragrance mist collection: 

ğŸ¥¥COCO COLADAğŸ¥¥
With notes of coconut, pineapple, and coconut milk 

ğŸ–ï¸PASSIONFRUIT SOLğŸ–ï¸
With notes of hawaiian pineapple, water lily, and a hint of relaxing jasmine 

ğŸ¦VANILLAğŸ¦
With notes of smooth vanilla, warm sandalwood, and coconut cream

P.S Misting your hair works perfectly with our alcohol-free formula!

#treehut #treehutcollection #newness #fragrancemist #selfcare #cococolada #vanilla #passionfruitsol",0
Nightly routine with Tree Hut ğŸŒ™ ğŸ«§ Now available online and in-store,0
Get a hydrated shave and reduce irritation with this three-step routine!,0
"We donâ€™t gatekeep the ultimate everything shower, besties. ğŸ˜‰âœ¨

Shop the Moroccan Rose collectionâ€”available now @ultabeauty ğŸ’–ğŸš¿
#treehut #treehutcollection #moroccanrose #everythingshower #selfcareroutine",1
"We donâ€™t gatekeep the ultimate everything shower, besties. ğŸ˜‰âœ¨

Shop the Moroccan Rose collectionâ€”available now at Ulta Beauty ğŸ’–ğŸš¿",0
Run to get my fave for a year-round summer skin! ğŸŒ™ ğŸ«§,1
"Taking my skin on a much needed
vacation âœŒğŸ",0
"Actual footage of how our Jelly Bear scrub was madeğŸ­

#treehut #treehutcollection #jellybear #scrubs #selfcare",0
"Swipe right or leftâ€¦ either way, our Pineapple Lip Butter will keep your lips soft, smooth and feeling tropical ğŸğŸ’‹

#treehut #treehutcollection #lipbutter #hydrating",1
"Swipe right or leftâ€¦ either way, our Pineapple Lip Butter will keep your lips soft, smooth, and feeling tropical. ğŸğŸ’‹",0
My favorite part of my 5-9ğŸŠğŸ«§,0
Plant-based self-care for nourishing hydration. Now available!,0
{{product.brand}},0
Treating my skin to dreamy softness ğŸ§ğŸ’‹ Now available in-stores!,0
"When I say Iâ€™m walking into @target for a few thingsâ€¦ these are the few things Iâ€™m talking aboutğŸ’…

ğŸ“¸:@leahjane
Want to be featured on our page? ğŸŒŸ Tag us in your photos or videos using our products, and you might just see yourself glowing on our feed! ğŸ’…
#treehut #treehutcollection #newness #target #selfcare",0
Take your skin on a tropic getaway with Coco Colada Serum-Infused Hand Wash!,0
Can you find the all of the scrubsğŸ‘€,1
Giving my skin a treat with my fave vanilla body scrub ğŸ§âœ¨ Find it now in-stores!,0
"We said what we saidâœ¨ğŸ’…

#treehut #treehutcollection #icons",0
"Say goodbye to dry hands. ğŸ‘‹ 

Our Serum-Infused Hand Wash is packed with moisturizing ingredients for a gentle cleanse that leaves your hands soft, smooth, and feeling refreshed.

Shop today @walmart
#treehut #treehutcollection #handwash #hydrating",1
the latest,0
"We're just speaking the truth for all our self-care girlies out there â˜ºï¸ğŸ’…

Head on over to @meijerstores and find your perfect self-care routine! ğŸ›âœ¨

#treehut #treehutcollection #valentinesday #scrubs #selfcare #vanilla",0
"Say goodbye to dry hands. ğŸ‘‹ 

Our Serum-Infused Hand Wash is packed with moisturizing ingredients for a gentle cleanse that leaves your hands soft, smooth, and feeling refreshed.

Shop today at Walmart 
#treehut #treehutcollection #handwash #hydrating",1
"Esta Primavera se viene con nuevos integrantes de Tree Hut.

Estamos sÃºper emocionados de darle la bienvenida.

Â¡Adivinen en los comentarios cuÃ¡les son!
#treehut #treehutmx #nuevo",0
"Oh Iâ€™m a Jelly Bear, yeah Iâ€™m a Jelly Bear!
Iâ€™m going to scrub and smooth and hydrate everywhere! Oh Yeah!ğŸ«§

For our scent experts:
Top Notes: Orange and Lime
Middle Notes: Ginger, Blackberry, Raspberry
Bottom Notes: Vanilla

#treehut #treehutcollection #jellybear #asmr #satisfying #selfcare #sheasugarscrub",1
"Oh Iâ€™m a Jelly Bear, yeah Iâ€™m a Jelly Bear!
Iâ€™m going to scrub and smooth and hydrate everywhere! Oh Yeah!ğŸ«§

For our scent experts:
Top Notes: Orange and Lime
Middle Notes: Ginger, Blackberry, Raspberry
Bottom Notes: Vanilla",0
5 things you need to get your skin ready for spring ğŸŒ·,0
"ğŸ‰âœ¨ It's the FINAL DAY of our 12 Days of Giveaways, and we're ending with the ULTIMATE self-care haul! âœ¨ğŸ‰

One lucky winner will get:
ğŸ‘‘ Exclusive VIP Statusâ€”get early access to new launches, first dibs on limited-edition items, and more! ğŸ’«
ğŸ› Luxury Home Spa Essentialsâ€“ for the ultimate at-home relaxation experience.
ğŸ’³ $2000 in Gift Cards to Amazon, Target, Ulta, and Walmart.

âš¡How to Enter âš¡
1. . Give this and our last 3 post a double tap â¤ï¸
2. Follow @treehut âœ”ï¸
3. Tag a bestie who would love this ğŸ’…
4. Share this post on your storyğŸ’

**@treehut will be the only account contacting giveaway winners**
Winners will be notified by Instagram Direct Message within 48 hours. This contest is in no way sponsored, administered, or associated with Instagram, Inc. By entering, entrants confirm they are US Residents 18+ years of age, release Instagram of responsibility and agree to Instagram's terms of use.

#WintHER #giveaway #limitededition #treehut #treehutcollection #gemstone",0
"Brb, signing out for self-care âœŒ",0
"Pre-Shave Foaming Polish has entered the chatğŸ“²
 
This gentle, lightly scented, and dye-free formula is perfect for buffing away impurities on your bikini area, arms, and legs for a smooth, friction-free shaveğŸª’

KEY INGREDIENTS
ğŸ’¦Lactic Acid to exfoliate and remove any impurities
ğŸ’¦Allantoin to moisturize and soothe sensitive dry skin
ğŸ’¦Refined Sugar Crystals to smooth and prep skin
 
Get yours now and elevate your shave routine! Available at @ultabeautyğŸ›ï¸",0
"We are about to make waves with our newest dropğŸŒŠâœ¨ Get ready for the ultimate glow-upâ€”can you guess whatâ€™s coming? ğŸ’…ğŸ‘€
#treehut #newrelease",0
"Tropic Glowâ€™s the vibe for your spring break shineâ˜€ï¸

Shop the collection today at Target",0
"âœ¨ğŸŒ´SPRING BREAK GIVEAWAY ğŸŒ´âœ¨

With spring break around the corner, weâ€™re setting you up for the ultimate everything showerâ€”because smooth, glowing skin is a vacay essential! â˜€ï¸ğŸï¸

Enter now for a chance to win! â¬‡ï¸ğŸ‰

ğŸŒºHow to Enter ğŸŒº
1. . Give this and our last 3 post a double tap â¤ï¸
2. Follow @treehut âœ…
3. Tag a bestie who would love this ğŸ’…
4. Share this post on your storyğŸ¤©

**@treehut will be the only account contacting giveaway winners**
Winners will be notified by Instagram Direct Message on 3/17/2025This contest is in no way sponsored, administered, or associated with Instagram, Inc. By entering, entrants confirm they are US Residents 18+ years of age, release Instagram of responsibility and agree to Instagram's terms of use.

Looking for your spring break essentials. Shop the Tropic Glow collection today at @target

#treehut #treehutcollection #tropicglow #selfcare #giveaway",1
Making my next batch of content for yall!!! Getting my nails done next week so I can film for all the kind brands and buisnesses who have sent me stuff over the past week!! Being a content creator can be hard but keep pushing yall!!,0
"ğŸ«§ITâ€™S GIVEAWAY TIMEğŸ«§

Ready for your smoothest shave ever? ğŸ˜ Enter for a chance to win our new Pre-Shave Polish, formulated for sensitive areas like your bikini line and underarms!

â­ï¸How to Enter â­ï¸
1. . Give this and our last 3 post a double tap ğŸ§¡
2. Follow @treehut âœ…
3. Tag a bestie who would love this ğŸ’…
4. Share this post on your storyğŸ¤©

**@treehut will be the only account contacting giveaway winners**
Winners will be notified by Instagram Direct Message on 2/17/2025 This contest is in no way sponsored, administered, or associated with Instagram, Inc. By entering, entrants confirm they are US Residents 18+ years of age, release Instagram of responsibility and agree to Instagram's terms of use.

Available today @ultabeauty
#treehut #treehutcollection #giveaway #preshave #selfcare",0
"Sunshine in a jar? Yes, please! ğŸŠâœ¨

Our Tangerine Scrub is more than just exfoliationâ€”itâ€™s powered by Vitamin C to brighten and even skin tone, Turmeric to help soothe and balance, and Salicylic Acid to clarify and smooth. Plus, its zesty citrus blend refreshes and energizes for your juiciest glow yet.

Find yours at @meijerstores today!

#treehut #treehutcollection #tangerinescrub #vitaminc #selfcare",1
"Sunshine in a jar? Yes, please! ğŸŠâœ¨

Our Tangerine Scrub is more than just exfoliationâ€”itâ€™s powered by Vitamin C to brighten and even skin tone, Turmeric to help soothe and balance, and Salicylic Acid to clarify and smooth. Plus, its zesty citrus blend refreshes and energizes for your juiciest glow yet.

Find yours at Meijer today!",0
"Exfoliate, renew, and hydrate with our Coco Colada Pre-Shave Foaming Polish!

ğŸ’¦Lactic Acid to renew and smooth
ğŸ’¦Allantoin to soothe and hydrate 
ğŸ’¦Sugar crystals to exfoliate 

Perfect prep for a closer, smoother shave. ğŸ’…

ğŸ“¸:@_selfcarebabe
Shop today @walmart

#treehut #treehutcollection #selfcare #new",1
Plant-based self-care for nourishing hydration.,0
"Exfoliate, renew, and hydrate with our Coco Colada Pre-Shave Foaming Polish!

ğŸ’¦Lactic Acid to renew and smooth
ğŸ’¦Allantoin to soothe and hydrate 
ğŸ’¦Sugar crystals to exfoliate 

Perfect prep for a closer, smoother shave. ğŸ’…

ğŸ“¸:@_selfcarebabe
Shop today at Walmart 

#treehut #treehutcollection #selfcare #new",0
"When I say Iâ€™m walking into Target  for a few thingsâ€¦ these are the few things Iâ€™m talking aboutğŸ’…

ğŸ“¸:@leahjane
Want to be featured on our page? ğŸŒŸ Tag us in your photos or videos using our products, and you might just see yourself glowing on our feed! ğŸ’…",0
"An everything shower without the essentials? Couldnâ€™t be us. ğŸ’…âœ¨

Find Electric Beach, Ocean Glow, and Coco Colada  today @ultabeauty

#treehut #treehutcollection #selfcare",1
"Electric Beach is making waves in Miami right now! ğŸŒ´ Join us at Ulta Beauty for the ultimate launch party, happening until 5 PM! 

Customize your own luggage tag at the travel bar, enter our exclusive giveaway, and take home the new Electric Beach scent in a Tree Hut beach tote. ğŸ’š

Where should we pop up next? ğŸ‘€âš¡ï¸",0
"Our NEW Lotus Water Collection is here! ğŸª· Hydrate and refresh with the delicate blend of lotus flower, orange, peonies, and musk ğŸª·
KEY INGREDIENTS
ğŸª· Lotus Water: Brightens, rejuvenates, and soothes.
ğŸŒŠ Blue Agave: Reduces swelling, calms redness, and preps pores for clarity.
ğŸ§ˆ Shea Butter: Deeply hydrates and restores elasticity for softer skin.

#treehut #treehutcollection #lotus #selfcare #newness",0
"An everything shower without the essentials? Couldnâ€™t be us. ğŸ’…âœ¨

Find Electric Beach, Ocean Glow, and Coco Colada today at Ulta Beauty",0
"Which WintHER scrub matches your vibe?!âœ¨

#treehut #treehutcollection #WintHER #gemstone #scrubs",0
What's your self-care alignment?! Ours is somewhere in between chaotic good and chaotic neutralğŸ˜Œ,1
So many icons spotted at the red carpet ğŸ¤©,0
"Shave, hydrate, and shine with the Vanilla self-care collection. Available now!",0
"Self-care so good, it deserves its own galleryğŸ–¼ï¸",1
Replenish essential moisture with the hydrating power of Lotus Water!,0
"Two different vibes, one tough choice ğŸ¤”âœ¨ Are you team ğŸŒ¹ Moroccan Rose or ğŸ¥¥ Coco Colada? Drop your pick in the comments! ğŸ‘‡

Shop Tree Hut at @walgreens today!ğŸ›ï¸

#treehut #treehutcollection #scrubs #selfcare",1
"Two different vibes, one tough choice ğŸ¤”âœ¨ Are you team ğŸŒ¹ Moroccan Rose or ğŸ¥¥ Coco Colada? Drop your pick in the comments! ğŸ‘‡

Shop Tree Hut at Walgreens  today!ğŸ›ï¸

#treehut #treehutcollection #scrubs #selfcare",1
"Ready to wake up to soft, hydrated lips? ğŸ’‹âœ¨ 
Enter our giveaway for a chance to win our Overnight Lip Mask!

ğŸ’‹How to Enter ğŸ’‹
1. . Give this and our last 3 post a double tap â¤ï¸
2. Follow @treehut âœ…
3. Tag a bestie who would love this ğŸ’…
4. Share this post on your storyğŸ¤©

**@treehut will be the only account contacting giveaway winners**
Winners will be notified by Instagram Direct Message on 3/24/2025 This contest is in no way sponsored, administered, or associated with Instagram, Inc. By entering, entrants confirm they are US Residents 18+ years of age, release Instagram of responsibility and agree to Instagram's terms of use.

Shop today @walmart
#treehut #treehutcollection #lipcare #selfcare",1
"Ready to wake up to soft, hydrated lips? ğŸ’‹âœ¨ Our Overnight Lip Mask works while you sleep, so you can rise and shine with the smoothest pout ever.
Shop today at Walmart",0
"Sometimes you gotta make your everything shower more interesting ğŸ’…âœ¨
#moonlightglow #everythingshower",0
"Trios never work? Our Moroccan Rose shave routine says otherwise.

Use our Pre-Shave, Shave Oil, and After Shave for the smoothest, most flawless shave every timeğŸ™Œ

Find it in the shave aisle @target!
#treehut #treehutcollection #shaveroutine #selfcare",1
"Cruise vacation essentials that I must have. 
I have never shown the background videos when I clean, just only us as a family having fun on vacations. This only takes 10-15 minutes, and then the fun will begin. 
This is me all the time. I will typically clean while the kids and my husband explore around.

This is no shade to the great cleaning crew as they do a wonderful job!
I still need it to be my kind of clean, especially if it's more than two days.

Video's of our OOTD and dinner from the vegan menu will come. 
And no, this is not sponsored, but it needs to beğŸ˜‰ carnival

#cleanwithme #cleaning #cleaningtips #cleantok #cleaninghacks #cleaningmotivation #vacationcleaning #asmr #cleaningreels #cleantherapy #choosefun",0
"Trios never work? Our Moroccan Rose shave routine says otherwiseğŸ’…ğŸŒ¹

Use our Pre-Shave, Shave Oil, and After Shave for the smoothest, most flawless shave every timeğŸ™Œ

Find it in the shave aisle at Target",0
"Sweet dreams, sweeter lips! Shop the Overnight Lip Mask in all 3 dreamy flavors ğŸ‰ğŸ¦ğŸ“",0
"Vanilla isnâ€™t just sweetâ€”itâ€™s self-care magic ğŸ¦âœ¨ Hydrating, soothing, and oh-so-calming. Grab our Vanilla Collection today @ultabeauty 

#treehut #treehutcollection #selfcare #vanilla",1
"Say goodbye to nicks and hello to smoothness with our Pre-Shave Foaming Polish! Your skins new BFFâœ¨

Shop today online @amazon!",1
"How our Jelly Bear scrub was madeğŸ­

#treehut #treehutcollection #jellybear #selfcare",0
"Our fave floral scent just bloomed a new look! â¤ï¸

Shop the entire Moroccan Rose collection at @walmart ğŸ›ï¸

#treehut #treehutcollection #bodycareroutine",0
"Pucker up because we just added a little extra oomph to your lip care routine ğŸ’‹âœ¨

Available today @target
#treehut #treehutcollection #selfcare #liproutine",0
"I loveâ€¦ my everything showers ğŸš¿

And you too can achieve the smoothest shave ever in 6 simple steps:

ğŸ«§Prep: Dampen skin with warm water to soften hair.
ğŸ«§Cleanse: Use body wash to remove dirt and oil.
ğŸ«§Exfoliate: Massage your favorite Tree Hut scrub in circular motions to lift hairs and buff away dead skin.
ğŸ«§Shave: Apply shave oil for a smooth glide and shave with gentle strokes.
ğŸ«§Soothe: Use aftershave serum to hydrate and prevent irritation.
ğŸ«§Lock in: Finish with lotion or whipped body butter for soft, glowing skin.

#treehut #treehutcollection #shaveroutine #everythingshower #selfcare",0
Gently exfoliate sensitive areas with refined sugar crystals.,0
"Which bag fits your self-care vibeğŸ¤©
#treehut #treehutcollection #selfcareroutine",1
The everything shower is Mysterious and ImportantğŸš¿,1
"Shave, hydrate, and shine with the Vanilla self-care collection.",0
"Long-Lasting âœ… Alcohol Free âœ… Hydrating âœ… 
Itâ€™s officialâ€¦ Our fragrance mists are the total packageğŸ“¦",0
"APPLICATIONS ARE NOW CLOSED! ğŸš¨ 
Thank you to everyone who applied! ğŸ’–

BIG NEWS! ğŸš¨ 

Our 2025 PR List Applications are officially OPEN! ğŸ‰ Want in? Drop â€œTreeHut PRâ€ in the comments & weâ€™ll send you the link! ğŸ’Œâœ¨",1
"Itâ€™s always golden hour with Sunkissed Poppy â˜€ï¸ 

For our scent experts:
Top: Clementine, Blue Freesia & Merlot Grapes 
Middle: Violet & White Lily
Bottom: Musk, Sandalwood & Amber",0
"When you're just a girly who's ready for summer already, Tropic Glow is the perfect way to bring those warm vibes early. With notes of caramel, sea salt, and sandalwood, itâ€™s the ultimate way to add a little sunshine and sparkle to your self-care routineâ€”no matter the forecast. âœ¨ğŸ’… Ready to glow?

Shop today @target
#treehut #treehutcollection #tropicglow #sparkle #selfcare",0
"You askedâ€¦ and we deliveredğŸ“¬

Excited to introduce NEW scents in our fragrance mist collection: 

ğŸ¥¥COCO COLADAğŸ¥¥
With notes of coconut, pineapple, and coconut milk 

ğŸ–ï¸PASSIONFRUIT SOLğŸ–ï¸
With notes of hawaiian pineapple, water lily, and a hint of relaxing jasmine 

ğŸ¦VANILLAğŸ¦
With notes of smooth vanilla, warm sandalwood, and coconut cream

P.S Misting your hair works perfectly with our alcohol-free formula!",0
"Craving a sweet treat? Indulge in our NEW Jelly Bear Scrub, bursting with vibrant notes of orange, ginger, and vanilla! ğŸŠğŸ¬âœ¨",1
"When you're just a girly who's ready for summer already, Tropic Glow is the perfect way to bring those warm vibes early. With notes of caramel, sea salt, and sandalwood, itâ€™s the ultimate way to add a little sunshine and sparkle to your self-care routineâ€”no matter the forecast. âœ¨ğŸ’… Ready to glow?

Shop today Target",0
"These are not your average hand washes. ğŸ‘€âœ¨ 

Made with skin-loving ingredients to cleanse, hydrate, and leave your hands feeling silky smooth. Whoâ€™s adding this to their routine?

Shop today @ultabeauty

#treehut #treehutcollection #handcare #selfcare",1
"Say bye to irritation, bumps & ingrowns! ğŸ‘‹ Our Pre-Shave Polish preps your skin with gentle exfoliation, so every shave is smooth, effortless, and irritation-free.

Available today Ulta Beauty",0
Hand care is self-careğŸ«§,0
Tangerine - All I Need! ğŸŠâœ¨,0
"Them: How many times did you watch this? Me: YesğŸ˜ƒ

#treehut #treehutcollection #enchantedjasmine #selfcare",0
"Cleanse, nourish, and lock-in moisture! Available now in a serum-infused blend",0
"Do you agree with these ratings??? ğŸ‘€ğŸ¤­ 
#treehut #treehutsugarscrub #satisfying #asmr #selfcare",1
"No passport is required when you use our Tropic Glow Collection.

Get the ultimate sun-kissed radiance from head to toe, all without leaving your bathroom. ğŸï¸

ğŸ“¸: @someshellyphotography
#treehut #treehutcollection #selfcare #tropicglow",1
"No passport is required when you use our Tropic Glow Collection.

Get the ultimate sun-kissed radiance from head to toe, all without leaving your bathroom. ğŸï¸

 ğŸ“¸: @someshellyphotography on IG",0
"Cleanse, Smooth, & Hydrate with Energizing CitrusğŸŠğŸ«§",0
"With Lotus Water for a radiant boost and Blue Agave to soothe & refresh, this collection is your new glow-toâœ¨",0
"ğŸ’¦GIVEAWAY TIMEğŸ’¦

Is your skin craving hydration? ğŸ’¦ Enter our Lotus Water giveaway for a chance to dive into our newest collection! 

ğŸª·How to Enter ğŸª·
1. . Give this and our last 3 post a double tap â¤ï¸
2. Follow @treehut âœ…
3. Tag a bestie who would love this ğŸ’…
4. Share this post on your storyğŸ¤©

**@treehut will be the only account contacting giveaway winners**
Winners will be notified by Instagram Direct Message on 3/31/2025 This contest is in no way sponsored, administered, or associated with Instagram, Inc. By entering, entrants confirm they are US Residents 18+ years of age, release Instagram of responsibility and agree to Instagram's terms of use.

#treehut #treehutcollection #lotuswater #selfcare #giveaway",1
"Common we know we arenâ€™t the only ones whoâ€™ve tried this ğŸ«£âœ¨
#treehut #treehutcollection #selfcare #vanilla #everythingshower",1
"Make Sugarlip keychains with usâœ¨ğŸ’

Want to make your own? Find our Sugarlips Lip Butters today @targetğŸ“

#treehut #treehutcollection #diy #lipbutter #keychain",1
"Rating some of my Body Butters out of 10 âœ¨

#bodybutter #bodycare #selfcare #metime #pamperroutine #pamperyourself #takecareofyourself #skincaredaily #smellgood #healthyskin #skincareobsessed #skincarematters #skincaretips101 #fragrancecombo #selfcarematters #selfcarenight #cozy #cozyscents #selfcaresunday #selfcarethreads #selfcarefirst #selfcareroutine #fentyskin #treehut #eosproducts #bodycareproducts",0
"Make Sugarlip keychains with usâœ¨ğŸ’

Want to make your own? Find our Sugarlips Lip Butters today at Target ğŸ“",0
"Share this with someone who needs a good self care day ğŸ€âœ¨ğŸ’•What are your go to
self care practices?
#selfcare #selfcaresunday #selfcareroutine #skincare #nighttimeskincare #aesthetic #blackluxury #blackluxurylifestyle 
eucerin aveenous dove olay treehut goodmolecules vaselinebrand bathandbodyworks suave _.thehoneypot._ proctergamble",0
How many did you get right?! ğŸŒŸ,1
"Tangerine is all I need ğŸŠğŸ«§
With a juicy burst of citrus and skin loving ingredients like Vitamin C, this âœ¨scubâœ¨ brightens, clarifies, and keeps your skin glowing!

#treehut #treehutcollection #tangerine",0
"Not just walkingâ€¦ full-speed sprinting to grab the Pre-Shave Foaming Polishes @ultabeauty ğŸƒâ€â™€ï¸ğŸ’¨âœ¨

#treehut #treehutcollection #new #shaveroutine #selfcare",1
Not just walkingâ€¦ full-speed sprinting to grab the Pre-Shave Foaming Polishes at Ulta Beauty  ğŸƒâ€â™€ï¸ğŸ’¨âœ¨,0
"Whoâ€™s PUMPED for our latest launch? ğŸŒ¸ğŸ’¦

From Serum-Infused Hand Washes to Overnight Lip Masksâ€”you name it, weâ€™ve got it (and so much more)â€¼ï¸ Get ready to level up your self-care routine!
Available In-Store and Online TodayğŸ›ï¸
#treehut #treehutcollection #newlaunch",0
"Working on getting a real routine down so I can be great fr lol but when I say I love me some bloomsupps downnnn!!! Atp Iâ€™m the biggest fan lol I Actually was shook at how instant the greens kicked in felt so much relief!! 

Her name is Janekate Fitness on YT she gone get you right for the summer! 
â€¢
â€¢
â€¢
liquidiv vitalproteins treehut cerave goodmolecules golinutrition 
#minivlogs #20something #rebranding #dayinmylife #morningroutine #athomeworkout #lifestyle #fitnessjourney #overcomingdepression #glowingup #vlog",0
"Watching this made me have a sugar rushğŸ­
#treehut #treehutcollection #jellybear #sugarscrub #selfcare",1
Full collection review on the Treehut tangerine collabğŸ§¡ğŸŠ treehut #treehut #treehutscrubs #treehutsugarscrub #treehutcollector #treehutbodybutter #treehutbodyscrub,0
"What do you think this scrub smells like ğŸ‘€

#treehut #treehutcollection #scrubs #selfcare",0
"Now why is this video 10 hours longâ€¦.

No nicks, no cutsâ€”just smooth, hydrated skin âœ¨ğŸš¿ Our shave oils lock in moisture and protect against irritation for your best shave yet!",1
"What are your hygiene nonnegotiable? 
Hereâ€™s my affordable, Essential Guide to Your Everything Shower Routine.
#everythingshower #selfcare #hygiene #showerroutine #hygienetips #hygieneproducts 
treehut secretdeodorant dove olay goodmolecules vaselinebrand medicube_global_official walmart colgate _.thehoneypot._",0
You simply canâ€™t rush perfection babes ğŸ’…,0
"I tried this last night and letâ€™s just say. 
All the other washes have been washed away ğŸ˜†ğŸ’¦ğŸš¿ğŸ›€

treehut you had me in mind when you made this didnâ€™t you? ğŸ¤­

#skincare #skincareroutine #simpleluxury #ugccreator #ugccommunity",0
"Picked fresh from the garden ğŸ’â€”infused with hydrating oils and a timeless floral scent for soft, glowing skin. 

Shop the Moroccan Rose Collection available at Target",1
"Picked fresh from the garden ğŸ’â€”infused with hydrating oils and a timeless floral scent for soft, glowing skin. 

Shop the Moroccan Rose Collection available @target!
#treehut #treehutcollection #selfcare #spring #floral #moroccanrose",1
"Thereâ€™s always room for one more scrubğŸ’…âœ¨ Which scrub is your ultimate fave? Drop it in the comments!ğŸ‘‡
#treehut #treehutcollection #treehutscrub #selfcare",0
"âœ¨Time for a Giveawayâœ¨

A spritz a day keeps the bad smells away! ğŸ˜Œâœ¨ Thatâ€™s why weâ€™re giving away our latest Fragrance Mist! Want in? Enter now for a chance to win! ğŸ’–

ğŸª·How to Enter ğŸª·
1. . Give this and our last 3 post a double tap â¤ï¸
2. Follow @treehut âœ…
3. Tag a bestie who would love this ğŸ’…
4. Share this post on your storyğŸ¤©

**@treehut will be the only account contacting giveaway winners**
Winners will be notified by Instagram Direct Message on 4/07/2025 This contest is in no way sponsored, administered, or associated with Instagram, Inc. By entering, entrants confirm they are US Residents 18+ years of age, release Instagram of responsibility and agree to Instagram's terms of use.

#treehut #treehutcollection #fragrance #selfcare #giveaway",1
A spritz a day keeps the bad smells away! ğŸ˜Œâœ¨,1
"You know what we canâ€™t relate to? Dry skin. âœ‹âŒ

Meet the Espresso Martini Collectionâ€”your skinâ€™s ultimate pick-me-up after those late-night grindsâœ¨

#treehut #treehutcollection #selfcare #thatsthatmeespresso",1
"You know what we canâ€™t relate to? Dry skin. âœ‹âŒ

Meet the Espresso Martini Collectionâ€”your skinâ€™s ultimate pick-me-up after those late-night grindsâœ¨",1
that's that me espresso,1
This video was taken 2 hours ago! ğŸ¥¹ğŸ˜Hut #treehut #treehutaustralia #affordableskincare #treehutscrubs,0
#ghinad #fyp HAUL zuzas_way_to_healing bubble treehut glowrecipe soldejaneiro,0
"Look what we've been brewing up! ğŸ¤

Fall collection is officially here! Inspired by the modern coffee shop, Tree Hut CafÃ© serves up a drink-inspired assortment bursting with blends of roasted, spiced, and cream notes. 

Available now! ğŸ›ï¸

#treehut #treehutsugarscrub #showerroutine",0
"Asmr Bedtime RoutineğŸŒ¸ğŸ€ 
I had so much fun doing thisğŸ’— good night Angels..

#asmr #asmrsounds #selfcare #minivlog #girlythings #nightroutine #aesthetic #girlyaesthetic #relaxation",0
"Let us know what your Spring Vibe is going to be in the commentsğŸ‘‡

We are manifesting nothing but smooth skin and good vibes for our self-care besties ğŸ¥°

#treehut #treehutcollection #selfcare #spring",1
"ğŸ‘€ Whatâ€™s the difference between our iconic Sugar Scrubs and our new Pre-Shave Foaming Polish?!

âœ¨ Shea Sugar Scrub â€“ Buffs away dry skin while nourishing with shea butter for a soft, smooth, and glowing finish!

ğŸª’ Pre-Shave Foaming Polish â€“ Gently exfoliates, especially in sensitive areas, to prep skin for a close, irritation-free shave!

Shop today @target

#treehut #treehutcollection #exfoliating",0
Gently prep with plant-based skincare! Now available in-store and online.,0
"ğŸ«§GIVEAWAY TIMEğŸ«§

Hand care is self-care which is why we are giving away our NEW Serum Infused Hand Washes!

Enter now for a chance to win! â¬‡ï¸ğŸ‰

âœ¨How to Enter âœ¨
1. . Give this and our last 3 post a double tap ğŸ’™
2. Follow @treehut âœ…
3. Tag a bestie who would love this ğŸ’…
4. Share this post on your storyğŸ¤©

**@treehut will be the only account contacting giveaway winners**
Winners will be notified by Instagram Direct Message on 2/24/2025 This contest is in no way sponsored, administered, or associated with Instagram, Inc. By entering, entrants confirm they are US Residents 18+ years of age, release Instagram of responsibility and agree to Instagram's terms of use.

#treehut #treehutcollection #handwash #giveaway",0
"ğŸª©GiveawayğŸª©

Want to amp up your shower routine with these chart-topping goodies ğŸ¶ 

Enter below for a chance to win falls greatest hitsğŸ’¿

âœ¨ How to Enter âœ¨
1. Give this post a double tap â¤ï¸
2. Follow @treehut âœ”ï¸
3. Tag a bestie who would love this ğŸ¤©
4. Share this post with your 5 grooviest friendsâ˜ºï¸

**@treehut will be the only account contacting giveaway winners**

Winners will be notified by Instagram Direct Message on 10/07/24. This contest is in no way sponsored, administered, or associated with Instagram, Inc. By entering, entrants confirm they are US Residents 18+ years of age, release Instagram of responsibility and agree to Instagram's terms of use.

ğŸ›ï¸ Shop our Fall Collection Today @targetğŸ›ï¸ 
#treehut #treehutcollection",0
"A day in my life in 30 seconds âœ¨ğŸƒğŸ¾â€â™€ï¸ğŸ’—. It may be -2 degrees outside but keeping fit is still the goal.
.
.
And of course I took a vanilla scented bath with my faves dove treehut â¤ï¸.
.
#minivlog #asmrvlog #lifestylevlog #lifestylecontent #runninglife #fitness #saturdaymorning #morningrun #explorereels #fyp",0
"Exfoliate, shave, and hydrate with the Coco Colada Collection.",0
Click the link to shop Vanilla Pre-Shave Foaming Polish.,0
Happy Valentines Day besties. Sending you love and a relaxing day of self-care because you deserve itğŸ’˜,0
"This routine reminded me that I should be at the beach rnğŸ–ï¸

ğŸ›’Shop this tropical routine today @walmart
#treehut #treehutcollection #selfcareroutine #cococolada #shower",0
"Moonlight Glowâ€¦ Activate! ğŸ’¥ Build your ultimate self-care routine today at @Target âœ¨
#treehut #selfcare #moonlightglow",0
"Time to unwind, refresh, and take care of yourself. âœ¨ğŸ«§
Whatâ€™s your favorite part of your self-care routine?! Let us know in the comments ğŸ‘‡ğŸ’– 

Shop the vanilla collection today @walmart ğŸ›’
#TreeHutGlow #SelfCareRoutine #everythingshower",0
"Pear & Chia Seed Sugar Scrub, infused with nutrient rich prickly pear and chia seeds... perfect for spring ğŸŒ· and summer ğŸŒ! It has the right color, the right refreshing scent, and the right amount of sugar for soft, smooth skin! ğŸ‘Œ
.
.
.
#treehut #pamper #sugarscrub #bodyscrub #sheabutter #treatyoself #smellssogood #smoothskin",0
"We canâ€™t be the only ones who do thisâ€¦ ğŸ¤­

Keep your hands clean and hydrated with our 
NEW Serum-Infused Hand Wash collection. Available today at @ultabeauty!ğŸ«§

#treehut #treehutcollection #new #handwash #clean #hydrating",0
"Turning a grocery run into a self-care sesh? Yes, please! âœ¨ 

Find all your shave essentials, including our Pre-Shave Foaming Polish, at Walmart  today

#treehut #treehutcollection #selfcare #haul #shave",0
"Take the glow wherever you go with our limited-time â€˜Glitz on the Glowâ€™ gift setğŸ¤©ğŸ¤© 

Tag your travel bestie!!

#treehut #treehutcollection #tropicglow #travel #winther",0
"Porque tus manos merecen mÃ¡s que solo uÃ±as bonitasâ€¦ Merecen un momento de amor y relax.â€ âœ¨
Un spa de manos con pÃ©talos, sales exfoliantes y todo un ambiente acogedor, pensado para que te desconectes y te consientas como te mereces.
Â¿Te gustarÃ­a vivir esta experiencia? Reserva tu cita.

Hashtags:
#SpaDeManos
#NailSpaExperience
#ManosBonitasCuidadoCompleto
#UÃ±asYBienestar
#relaxandnails",0
"You ever have an overwhelming amount of things in your shower, including multiples of certain types of products, and realize youâ€™re missing something important? I realized the other day I had no exfoliator in my shower ğŸ˜‚ What better for a #TextureTuesday moment than the treehut Dragon Fruit Shea Sugar Body Scrub ğŸ’•
.
.
.
.
.
#treehut #treehutsugarscrub #bodyscrub #sugarscrub #sugarscrubs #skincare #skincareobsession #satisfyingskincare #ulta #ultabeauty #target #skincarecommunity #beautycommunity #exfoliation #showeressentials #showerroutine",0
"Smell like a vanilla dream! Hereâ€™s my sweet body care routine ğŸ¦âœ¨ Who else loves vanilla? ğŸªğŸ’•

dial Antibacterial bar soap 
treehut vanilla body scrub 
target up and up vanilla and jasmine body wash 
treehut vanilla shaving oil 
bathandbodyworks vanilla romance body butter 
vaselinebrand body oil 
bathandbodyworks vanilla bean noel
gillettevenus soothing serum 
dove 0% aluminum stick roll on

#fyp  #vanillaroutine #bodycare #smellgoodallday #hygieneroutine #vanillalovers #selfcare #glowingskin #softgirlaesthetic",0
"Just packing the essentials... aka all the minis I can fit ğŸ˜âœ¨ Where are you bringing yours?ğŸ—ºï¸

#treehut #treehutcollection #mini #travel",0
"Hi besties! ğŸ’– Weâ€™ve teamed up with @EcoTools for the ultimate self-care giveaway that you donâ€™t want to miss!

One lucky winner will receive: EcoTools Jade Gua Sha, Vanilla Shea Sugar Scrub, EcoTools Charcoal EcoPouf, Vanilla Gel Wash, EcoTools Loofah Bath Brush, Vanilla Moisturizing Shave Oil, and Vanilla Whipped Body Butter ğŸ›

ğŸ«§How to enterğŸ«§
1. Give this and the last 3 post on both brands a double tap â¤ï¸
2. Follow @treehut and @ecotools
3. Tag a bestie who would love this ğŸ’…
4. Share this post on your storyğŸ¤©

**@treehut will be the only account contacting giveaway winners**
Winners will be notified by Instagram Direct Message on 2/03/2025 This contest is in no way sponsored, administered, or associated with Instagram, Inc. By entering, entrants confirm they are US Residents 18+ years of age, release Instagram of responsibility and agree to Instagram's terms of use.

Shop your self-care essentials @walmart today! 

#treehut #treehutcollection #ecotools #giveaway #selfcareroutine",0
Last call to be there instead of watching from our Stories ğŸƒâ€â™€ï¸ğŸ’¨ Grab your ticket for Ulta Beauty World on April 26 ğŸŸï¸ RSVP and get your tickets at the ğŸ”— in bio. #UltaBeautyWorld,0
Should we do a @Walmart haul? ğŸ¤­ğŸ©µ #treehut #treehutcollection,0
"Soâ€¦ what's in our #New Banana Muffin Scrub? 
Let's break it down... 3ï¸âƒ£-2ï¸âƒ£-1ï¸âƒ£
The Heros ğŸ†:
ğŸŒ Sweet Banana Pulp - Major ğŸŒŠ for dry, parched skin
ğŸ¥­ Mango Pulp - Helps add a natural glow âœ¨ to skin while gently exfoliating surface level cells

The Scent ğŸ‘ƒ:
Top Notes: BANANA, BAKED CRUST, CINNAMON 
Middle Notes: ORANGE, CLOVE, CREAMY DAIRY
Base Notes: VANILLA, CARAMEL, MUSK

Where to get it? ğŸ”
Only on Ulta.com - Click the link in the bio to shop. ğŸ·ï¸ DON'T FORGET - All Tree Hut is 20% off so now is a great time to stock up on your selfcare needs!",0
"grwm for beddd!!!
.
.
.
my.freshvibes treehut dragonflycompany glowrecipe laneige_us theordinary frankly.skincare 
all used in this video!!
tysmm for watchinggg like and follow because you prob never see me againn !!! 
#viral #preppy #fypppppppppppppppppppppppppppppppppppppppppppppppppppppppppppppppppppppp #slay #fypã‚· #like #ate #follow #blowup #fypage #lifestyle #rountine #fypã‚· #fypã‚·ã‚šviral #summervibes",0
Hydrate and prep sensitive areas for an even closer shave.,0
"Turn your self-care routine into a party with our Birthday Cake collection! ğŸ’œ

Available at @walmart ğŸ›ï¸

#treehut #treehutcollection #bodycareroutine",0
"Oh what a happy accident ğŸ¤­

Order online with the @Target app and pick up your new WintHER faves in-store today! ğŸ’âœ¨

#treehut #treehutcollection #limitededition #gemstone",0
"Cherry Bombshell Combo ğŸ’ğŸ’£

I love a good cherry scent and oh cherry by bathandbodyworks did not disappoint! 

vsbeauty Bombshell midnight has notes of peony, black cherry, blonde woods, vanilla. 

Layering this combo with cherry rave bodywash and body butter by treehut was chefs kiss. This is a perfect winter to spring transition combo. 

Whatâ€™s your favorite cherry scent ? Let me know belowâ¤ï¸ğŸ’

â€¢â€¢items are authentic purchased by me and not for saleâ€¢â€¢

#sotd #cherry #scentoftheday #cherrycombo #fragrance #perfume #scentcombo #vsbeauty #treehut #bodycare #bathandbodyworks #hygieneproducts #showerroutine #cherryperfume #fraghead #fragrancecollection #perfumelover #explore #explorepage",0
"Have you found Enchanted Jasmine @target yet?!
Made with jasmine and butterfly pea flower to help comfort dry skin and leave you feeling soft, smooth, and totally enchanted. âœ¨
#treehut #treehutcollection #selfcare",0
"Time to unwind, refresh, and take care of yourself. âœ¨ğŸ«§
Whatâ€™s your favorite part of your self-care routine?! Let us know in the comments ğŸ‘‡ğŸ’–
Shop the vanilla collection today at Walmart  ğŸ›’",0
Which bag fits your self-care vibeğŸ¤©,0
"cozy self care nights ğŸ’™ğŸŒ™ğŸ«§ğŸ•¯ï¸

#fyp #skincareroutine #SelfCare #cozygirl #nightroutine #cozy #pinterestvibes #calming #relaxingvideos #aesthetic #videodiary #cozytok #cozyaesthetic #cozycore #cozybedroom #vintageroom #cozynight #cozyvibes #unwindwithme #digitaldiary #dailyvlog #winter #girly #unwindtime #2025 #cleangirl #bookish #Lifestyle #Softlife #trendy
treehut",0
"Our award-winning sugar scrub just became your latest lip hero ğŸ¦âœ¨
Now available in our cult-fave Vanilla scent âš¡",0
"Get transported to a tropical paradise with our juiciest scrub yet! ğŸğŸ’š 

ğŸ“¸: @kristi_navi

#treehut #treehutcollection #bodycareroutine",0
"What's your go-to coffee order? ğŸ˜

Get the caffeine boost you need with Iced Coffee or a warm, sugary sweet treat with Cinnamon Dolce! 

ğŸ“¸: @totally.treehut2

#treehut #treehutcollection #bodycareroutine",0
"The gangâ€™s all here <3 

Trust us, once you try this Tangerine routine, thereâ€™s no going back ğŸŠğŸ«§ 

Brighten, smooth, and glow with our juiciest scent yet! âœ¨

#treehut #treehutcollection #newness #selfcare",0
"About my favorite scent of the moment. Iâ€™m in love.

I love these treehut products. But the body scrub has a special place in my heart. Every week I choose a day to have that premium bath, and it canâ€™t be without exfoliation, and of course it has to be with them Tree hut. 

Thank you for being part of my life. treehut ğŸ’–ğŸŒ±",0
spring grwm ğŸ’  #lifestyle #spring #grwm #fyp #foryoupageã‚· #lifestylegrwm #march,0
"Your smoothest, glowiest shave starts here âœ¨

PREP with our Pre-Shave Foaming Polish for ultra-soft skin.

SHAVE with our Moisturizing Shave Oil for a close, hydrating glide ğŸª’ğŸ’¦

FINISH with our After Shave Serum to keep skin soothed, smooth, and bump-free ğŸ’–

The Moroccan Rose shave routine you needâ€”shop now at Ulta Beauty !",0
"These are not your average hand washes. ğŸ‘€âœ¨ 

Made with skin-loving ingredients to cleanse, hydrate, and leave your hands feeling silky smooth. Whoâ€™s adding this to their routine?

Shop today at Ulta Beauty",0
"quem mais faz banho premium no domingo? eu amo!!! ğŸ«§ğŸ’–
se gosta desse tipo de conteÃºdo, jÃ¡ me segue! 

#banhopremium #ugccreator #beleza",0
Infused with skincare actives for lasting hydration.,0
Watching this made me have a sugar rushğŸ­,0
"Happy Saturday yall...ğŸ’šğŸ«§ğŸ’™My Products routine of the dayğŸ’™ğŸ«§ğŸ’š

This is one the freshest and prettiest routine i've put together...If you are a fresh scented personâ¬‡ï¸

*Jungle By Britney is so pretty and fresh!

Top Notes:
Watermelon Blossom
Yuzu
Violet Leaf
Heart Notes:
Water Lily
Gardenia
Gustavia Flower
Base Notes:
Cupcake
Tonka Bean

britneyspearsfragrances
mybodycology
fentyskin
treehut
bathandbodyworks",0
"Ciao a tutt* .  Avevo provato uno scrub corpo di treehut che mi Ã¨ piaciuto molto ed ho voluto provare anche questo che trovo una gran bella coccola a livello di esperienza sensoriale, mi piace la sua leggera profumazione di lampone il fatto che contenga tra i vari ingredienti oltre al burro di karitÃ© e all' estratto di lampone altri interessanti "" olietti"" . Adoro come lascia la mia pelle morbida e luminosa . Vi ispira questo scrub corpo? Avete provato altri scrub corpo di treehut ,quali mi consigliate di provare? treehut #scrub #scrubcorpo #burrodikaritÃ© #esfoliazionecorpo #esfoliazione",0
Still dreaming about Moroccan Rose? Tap to grab it! ğŸ©·ğŸŒ¸ğŸ«§,0
#treehut #hismile #boba #haul hismile treehut luv2.bling aliseharrisonah pezello14 al.ise6213 pearlscriha_14,0
"Vanilla has us feeling all the fall vibes! ğŸ‚âœ¨ Treat yourself to your favorite vanilla self-care routine at @Walmart today!

ğŸ“½ï¸:@noorspirations
#treehut #treehutcollection #vanilla #fallvibes",0
"In the â€œlook forward to bed all dayâ€ stage of pregnancyğŸ˜…ğŸ˜´

#3rdtrimester #3rdtrimesterroutine #thirdtrimesterproblems #39weeks #39weekspregnant #39weeksroutine #nighttime #nighttimeroutine #nighttimeritual #gurwm #bedtimeroutine #bedtime #pregnant #pregnancy #aussiemum #aussiemums #sydneymums #sydneymum #babybump #pregnancyroutine #pregnancyskincare #bumpfriendly #bumpcareroutine",0
